{
	"__comment": "Designed by HanFox with BDcraft Cubik Studio - http://bdcraft.net",
	"parent": "block/thin_block",
	"ambientocclusion": false,
	"textures": {
		"particle": "#texture",
		"texture": "block/cherry_trapdoor"
	},
	"elements": [ 	 
		{
			"from": [ 0, 0, 12 ],
			"to": [ 16, 2, 16 ],
			"faces": {
				"down": { "uv": [ 0, 16, 16, 12 ], "texture": "#texture" },
				"up": { "uv": [ 0, 12, 16, 16 ], "texture": "#texture" },
				"north": { "uv": [ 10, 0, 10.5, 4 ], "texture": "#texture" },
				"south": { "uv": [ 10, 0, 10.5, 4 ], "texture": "#texture", "cullface": "south" },
				"west": { "uv": [ 10, 0, 10.5, 4 ], "texture": "#texture", "cullface": "west" },
				"east": { "uv": [ 10, 0, 10.5, 4 ], "texture": "#texture", "cullface": "east" }
			}
		},
		{
			"from": [ 12, 0, 4 ],
			"to": [ 16, 2, 12 ],
			"faces": {
				"down": { "uv": [ 16, 4, 12, 12 ], "texture": "#texture" },
				"up": { "uv": [ 12, 4, 16, 12 ], "texture": "#texture" },
				"west": { "uv": [ 10, 0, 10.5, 4 ], "texture": "#texture" },
				"east": { "uv": [ 10, 0, 10.5, 4 ], "texture": "#texture", "cullface": "east" }
			}
		},
		{
			"from": [ 0, 0, 4 ],
			"to": [ 4, 2, 12 ],
			"faces": {
				"down": { "uv": [ 4, 4, 0, 12 ], "texture": "#texture" },
				"up": { "uv": [ 0, 4, 4, 12 ], "texture": "#texture" },
				"west": { "uv": [ 10, 0, 10.5, 4 ], "texture": "#texture", "cullface": "west" },
				"east": { "uv": [ 10, 0, 10.5, 4 ], "texture": "#texture" }
			}
		},
		{
			"from": [ 0, 0, 0 ],
			"to": [ 16, 2, 4 ],
			"faces": {
				"down": { "uv": [ 0, 4, 16, 0 ], "texture": "#texture" },
				"up": { "uv": [ 0, 0, 16, 4 ], "texture": "#texture" },
				"north": { "uv": [ 10, 0, 10.5, 4 ], "texture": "#texture", "cullface": "north" },
				"south": { "uv": [ 10, 0, 10.5, 4 ], "texture": "#texture" },
				"west": { "uv": [ 10, 0, 10.5, 4 ], "texture": "#texture", "cullface": "west" },
				"east": { "uv": [ 10, 0, 10.5, 4 ], "texture": "#texture", "cullface": "east" }
			}
		},
		{
			"__comment": "handle",
			"from": [ 7, -0.5, 0 ],
			"to": [ 9, 0, 1 ],
			"faces": {
				"down": { "uv": [ 7, 0, 9, 1 ], "texture": "#texture" },
				"north": { "uv": [ 8, 0, 8.5, 1 ], "texture": "#texture", "cullface": "north" },
				"south": { "uv": [ 8, 0, 8.5, 1 ], "texture": "#texture" },
				"west": { "uv": [ 8, 0, 8.5, 1 ], "texture": "#texture" },
				"east": { "uv": [ 8, 0, 8.5, 1 ], "texture": "#texture" }
			}
		},
		{
			"__comment": "handle",
			"from": [ 7, 2, 0 ],
			"to": [ 9, 2.5, 1 ],
			"faces": {
				"up": { "uv": [ 7, 0, 9, 1 ], "texture": "#texture", "cullface": "up" },
				"north": { "uv": [ 8, 0, 8.5, 1 ], "texture": "#texture", "cullface": "north" },
				"south": { "uv": [ 8, 0, 8.5, 1 ], "texture": "#texture" },
				"west": { "uv": [ 8, 0, 8.5, 1 ], "texture": "#texture" },
				"east": { "uv": [ 8, 0, 8.5, 1 ], "texture": "#texture" }
			}
		},
		{
			"__comment": "panel",
			"from": [ 4, 1.7, 4 ],
			"to": [ 12, 1.701, 12 ],
			"faces": {
				"down": { "uv": [ 4, 4, 12, 12 ], "texture": "#texture" },
				"up": { "uv": [ 4, 4, 12, 12 ], "texture": "#texture" }
			}
		},
		{
			"__comment": "panel",
			"from": [ 4, 1.6, 4 ],
			"to": [ 12, 1.600999, 12 ],
			"faces": {
				"down": { "uv": [ 4, 4.125, 12, 12.125 ], "texture": "#texture" },
				"up": { "uv": [ 4, 3.875, 12, 11.875 ], "texture": "#texture" }
			}
		},
		{
			"__comment": "panel",
			"from": [ 4, 1.5, 4 ],
			"to": [ 12, 1.501, 12 ],
			"faces": {
				"down": { "uv": [ 4, 4.125, 12, 12.125 ], "texture": "#texture" },
				"up": { "uv": [ 4, 3.875, 12, 11.875 ], "texture": "#texture" }
			}
		},
		{
			"__comment": "panel",
			"from": [ 4, 1.4, 4 ],
			"to": [ 12, 1.401, 12 ],
			"faces": {
				"down": { "uv": [ 4, 4.125, 12, 12.125 ], "texture": "#texture" },
				"up": { "uv": [ 4, 3.875, 12, 11.875 ], "texture": "#texture" }
			}
		},
		{
			"__comment": "panel",
			"from": [ 4, 1.3, 4 ],
			"to": [ 12, 1.300999, 12 ],
			"faces": {
				"down": { "uv": [ 4, 4.125, 12, 12.125 ], "texture": "#texture" },
				"up": { "uv": [ 4, 3.875, 12, 11.875 ], "texture": "#texture" }
			}
		},
		{
			"__comment": "panel",
			"from": [ 4, 1.2, 4 ],
			"to": [ 12, 1.201, 12 ],
			"faces": {
				"down": { "uv": [ 4, 4.125, 12, 12.125 ], "texture": "#texture" },
				"up": { "uv": [ 4, 3.875, 12, 11.875 ], "texture": "#texture" }
			}
		},
		{
			"__comment": "panel",
			"from": [ 4, 1.1, 4 ],
			"to": [ 12, 1.100999, 12 ],
			"faces": {
				"down": { "uv": [ 4, 4.125, 12, 12.125 ], "texture": "#texture" },
				"up": { "uv": [ 4, 3.875, 12, 11.875 ], "texture": "#texture" }
			}
		},
		{
			"__comment": "panel",
			"from": [ 4, 1, 4 ],
			"to": [ 12, 1.001, 12 ],
			"faces": {
				"down": { "uv": [ 4, 4.125, 12, 12.125 ], "texture": "#texture" },
				"up": { "uv": [ 4, 3.875, 12, 11.875 ], "texture": "#texture" }
			}
		},
		{
			"__comment": "panel",
			"from": [ 4, 0.9, 4 ],
			"to": [ 12, 0.901, 12 ],
			"faces": {
				"down": { "uv": [ 4, 4.125, 12, 12.125 ], "texture": "#texture" },
				"up": { "uv": [ 4, 3.875, 12, 11.875 ], "texture": "#texture" }
			}
		},
		{
			"__comment": "panel",
			"from": [ 4, 0.8, 4 ],
			"to": [ 12, 0.800999, 12 ],
			"faces": {
				"down": { "uv": [ 4, 4.125, 12, 12.125 ], "texture": "#texture" },
				"up": { "uv": [ 4, 3.875, 12, 11.875 ], "texture": "#texture" }
			}
		},
		{
			"__comment": "panel",
			"from": [ 4, 0.7, 4 ],
			"to": [ 12, 0.7009999, 12 ],
			"faces": {
				"down": { "uv": [ 4, 4.125, 12, 12.125 ], "texture": "#texture" },
				"up": { "uv": [ 4, 3.875, 12, 11.875 ], "texture": "#texture" }
			}
		},
		{
			"__comment": "panel",
			"from": [ 4, 0.6, 4 ],
			"to": [ 12, 0.6009989, 12 ],
			"faces": {
				"down": { "uv": [ 4, 4.125, 12, 12.125 ], "texture": "#texture" },
				"up": { "uv": [ 4, 3.875, 12, 11.875 ], "texture": "#texture" }
			}
		},
		{
			"__comment": "panel",
			"from": [ 4, 0.5, 4 ],
			"to": [ 12, 0.501, 12 ],
			"faces": {
				"down": { "uv": [ 4, 4.125, 12, 12.125 ], "texture": "#texture" },
				"up": { "uv": [ 4, 3.875, 12, 11.875 ], "texture": "#texture" }
			}
		},
		{
			"__comment": "panel",
			"from": [ 4, 0.4, 4 ],
			"to": [ 12, 0.4010004, 12 ],
			"faces": {
				"down": { "uv": [ 4, 4.125, 12, 12.125 ], "texture": "#texture" },
				"up": { "uv": [ 4, 3.875, 12, 11.875 ], "texture": "#texture" }
			}
		}
	]
}
