{
	"__comment": "Designed by Sphax with BDcraft Cubik PRO 0.75 Beta - http://bdcraft.net",
	"parent": "block/thin_block",
	"textures": {
		"particle": "block/iron_trapdoor",
		"texture": "block/iron_trapdoor",
		"side": "block/_bdc/iron_trapdoor_side",
		"overlay": "block/_bdc/iron_trapdoor_overlay",
		"border": "block/_bdc/iron_trapdoor_border"
	},
	"elements": [ 	 
		{
			"__comment": "Border",
			"from": [ 0, 0, 0 ],
			"to": [ 16, 2, 16 ],
			"faces": {
				"down": { "uv": [ 16, 16, 0, 0 ], "texture": "#border", "cullface": "down" },
				"up": { "uv": [ 0, 0, 16, 16 ], "texture": "#border" },
				"north": { "uv": [ 0, 9.5, 16, 11.5 ], "texture": "#side", "cullface": "north" },
				"south": { "uv": [ 0, 13.5, 16, 15.5 ], "texture": "#side", "cullface": "south" },
				"west": { "uv": [ 0, 5.5, 16, 7.5 ], "texture": "#side", "cullface": "west" },
				"east": { "uv": [ 0, 1.5, 16, 3.5 ], "texture": "#side", "cullface": "east" }
			}
		},
		{
			"__comment": "HingeL",
			"from": [ 2.5, -0.5, 14 ],
			"to": [ 4.5, 2.5, 16.1 ],
			"faces": {
				"down": { "uv": [ 4, 16, 2, 14 ], "texture": "#overlay", "cullface": "down" },
				"up": { "uv": [ 2, 14, 4, 16 ], "texture": "#overlay", "cullface": "up" },
				"north": { "uv": [ 11.5, 9, 13.5, 12 ], "texture": "#side" },
				"south": { "uv": [ 2.5, 13, 4.5, 16 ], "texture": "#side", "cullface": "south" },
				"west": { "uv": [ 14, 5, 16, 8 ], "texture": "#side" },
				"east": { "uv": [ 0, 1, 2, 4 ], "texture": "#side" }
			}
		},
		{
			"__comment": "HingeR",
			"from": [ 11.5, -0.5, 14 ],
			"to": [ 13.5, 2.5, 16.1 ],
			"faces": {
				"down": { "uv": [ 14, 16, 12, 14 ], "texture": "#overlay", "cullface": "down" },
				"up": { "uv": [ 12, 14, 14, 16 ], "texture": "#overlay", "cullface": "up" },
				"north": { "uv": [ 2.5, 9, 4.5, 12 ], "texture": "#side" },
				"south": { "uv": [ 11.5, 13, 13.5, 16 ], "texture": "#side", "cullface": "south" },
				"west": { "uv": [ 14, 5, 16, 8 ], "texture": "#side" },
				"east": { "uv": [ 0, 1, 2, 4 ], "texture": "#side" }
			}
		},
		{
			"__comment": "HandleBottom",
			"from": [ 6.5, -0.5, 0.5 ],
			"to": [ 9.5, 0, 4.5 ],
			"faces": {
				"down": { "uv": [ 0, 0, 3, 4 ], "texture": "#overlay", "cullface": "down" },
				"up": { "uv": [ 0, 0, 3, 4 ], "texture": "#overlay", "cullface": "up" },
				"north": { "uv": [ 2.5, 15.5, 4.5, 16 ], "texture": "#side", "cullface": "north" },
				"south": { "uv": [ 2.5, 15.5, 4.5, 16 ], "texture": "#side" },
				"west": { "uv": [ 6.5, 15.5, 9.5, 16 ], "texture": "#side" },
				"east": { "uv": [ 6.5, 15.5, 9.5, 16 ], "texture": "#side" }
			}
		},
		{
			"__comment": "HorizBar",
			"from": [ 2.5, 0.5, 7.5 ],
			"to": [ 13.5, 1.5, 8.5 ],
			"faces": {
				"down": { "uv": [ 13.5, 8.5, 2.5, 7.5 ], "texture": "#texture", "cullface": "down" },
				"up": { "uv": [ 2.5, 7.5, 13.5, 8.5 ], "texture": "#texture" },
				"north": { "uv": [ 2.5, 7.5, 13.5, 8.5 ], "texture": "#texture" },
				"south": { "uv": [ 2.5, 7.5, 13.5, 8.5 ], "texture": "#texture" }
			}
		},
		{
			"__comment": "HorizBar",
			"from": [ 2.5, 0.5, 10.5 ],
			"to": [ 13.5, 1.5, 11.5 ],
			"faces": {
				"down": { "uv": [ 13.5, 8.5, 2.5, 7.5 ], "texture": "#texture", "cullface": "down" },
				"up": { "uv": [ 2.5, 7.5, 13.5, 8.5 ], "texture": "#texture" },
				"north": { "uv": [ 2.5, 7.5, 13.5, 8.5 ], "texture": "#texture" },
				"south": { "uv": [ 2.5, 7.5, 13.5, 8.5 ], "texture": "#texture" }
			}
		},
		{
			"__comment": "HorizBar",
			"from": [ 2.5, 0.5, 4.5 ],
			"to": [ 13.5, 1.5, 5.5 ],
			"faces": {
				"down": { "uv": [ 13.5, 8.5, 2.5, 7.5 ], "texture": "#texture", "cullface": "down" },
				"up": { "uv": [ 2.5, 7.5, 13.5, 8.5 ], "texture": "#texture" },
				"north": { "uv": [ 2.5, 7.5, 13.5, 8.5 ], "texture": "#texture" },
				"south": { "uv": [ 2.5, 7.5, 13.5, 8.5 ], "texture": "#texture" }
			}
		},
		{
			"__comment": "VertiBar",
			"from": [ 7.5, 0.5, 2.5 ],
			"to": [ 8.5, 1.5, 13.5 ],
			"faces": {
				"down": { "uv": [ 8.5, 13.5, 7.5, 2.5 ], "texture": "#texture", "cullface": "down" },
				"up": { "uv": [ 7.5, 2.5, 8.5, 13.5 ], "texture": "#texture" },
				"north": { "uv": [ 7.5, 14, 8.5, 15 ], "texture": "#texture" },
				"south": { "uv": [ 2.5, 7.5, 3.5, 8.5 ], "texture": "#texture" },
				"west": { "uv": [ 2.5, 7.5, 13.5, 8.5 ], "texture": "#texture" },
				"east": { "uv": [ 2.5, 7.5, 13.5, 8.5 ], "texture": "#texture" }
			}
		},
		{
			"__comment": "VertiBar",
			"from": [ 10.5, 0.5, 2.5 ],
			"to": [ 11.5, 1.5, 13.5 ],
			"faces": {
				"down": { "uv": [ 8.5, 13.5, 7.5, 2.5 ], "texture": "#texture", "cullface": "down" },
				"up": { "uv": [ 7.5, 2.5, 8.5, 13.5 ], "texture": "#texture" },
				"north": { "uv": [ 7.5, 14, 8.5, 15 ], "texture": "#texture" },
				"south": { "uv": [ 2.5, 7.5, 3.5, 8.5 ], "texture": "#texture" },
				"west": { "uv": [ 2.5, 7.5, 13.5, 8.5 ], "texture": "#texture" },
				"east": { "uv": [ 2.5, 7.5, 13.5, 8.5 ], "texture": "#texture" }
			}
		},
		{
			"__comment": "VertiBar",
			"from": [ 4.5, 0.5, 2.5 ],
			"to": [ 5.5, 1.5, 13.5 ],
			"faces": {
				"down": { "uv": [ 8.5, 13.5, 7.5, 2.5 ], "texture": "#texture", "cullface": "down" },
				"up": { "uv": [ 7.5, 2.5, 8.5, 13.5 ], "texture": "#texture" },
				"north": { "uv": [ 7.5, 14, 8.5, 15 ], "texture": "#texture" },
				"south": { "uv": [ 2.5, 7.5, 3.5, 8.5 ], "texture": "#texture" },
				"west": { "uv": [ 2.5, 7.5, 13.5, 8.5 ], "texture": "#texture" },
				"east": { "uv": [ 2.5, 7.5, 13.5, 8.5 ], "texture": "#texture" }
			}
		},
		{
			"__comment": "Inner",
			"from": [ 2.5, 0, 13.5 ],
			"to": [ 13.5, 2, 14.5 ],
			"faces": {
				"north": { "uv": [ 6.5, 13.5, 7, 15.5 ], "texture": "#side" }
			}
		},
		{
			"__comment": "Inner",
			"from": [ 2.5, 0, 1.5 ],
			"to": [ 13.5, 2, 2.5 ],
			"faces": {
				"south": { "uv": [ 6.5, 13.5, 7, 15.5 ], "texture": "#side" }
			}
		},
		{
			"__comment": "Inner",
			"from": [ 13.5, 0, 2.5 ],
			"to": [ 14.5, 2, 13.5 ],
			"faces": {
				"west": { "uv": [ 6.5, 13.5, 7, 15.5 ], "texture": "#side" }
			}
		},
		{
			"__comment": "Inner",
			"from": [ 1.5, 0, 2.5 ],
			"to": [ 2.5, 2, 13.5 ],
			"faces": {
				"east": { "uv": [ 6.5, 13.5, 7, 15.5 ], "texture": "#side" }
			}
		},
		{
			"__comment": "InnerCorner",
			"from": [ 11.9999, 0.01, 2.5 ],
			"to": [ 13.4999, 1.99, 3.5 ],
			"rotation": { "origin": [ 13.5, 0, 3.5 ], "axis": "y", "angle": -45 },
			"faces": {
				"down": { "uv": [ 12.5, 2.5, 13, 3 ], "texture": "#border", "cullface": "down" },
				"up": { "uv": [ 12.5, 2.5, 13, 3 ], "texture": "#border" },
				"south": { "uv": [ 6.5, 13.5, 7, 15.5 ], "texture": "#side" }
			}
		},
		{
			"__comment": "InnerCorner",
			"from": [ 12.5, 0.01, 13.5 ],
			"to": [ 14, 1.99, 14.5 ],
			"rotation": { "origin": [ 12.5, 0, 13.5 ], "axis": "y", "angle": 45 },
			"faces": {
				"down": { "uv": [ 13, 13, 13.5, 13.5 ], "texture": "#border", "cullface": "down" },
				"up": { "uv": [ 13, 13, 13.5, 13.5 ], "texture": "#border" },
				"north": { "uv": [ 6.5, 13.5, 7, 15.5 ], "texture": "#side" }
			}
		},
		{
			"__comment": "InnerCorner",
			"from": [ 2.5, 0.01, 2.5 ],
			"to": [ 4, 1.99, 3.5 ],
			"rotation": { "origin": [ 2.5, 0, 3.5 ], "axis": "y", "angle": 45 },
			"faces": {
				"down": { "uv": [ 2.5, 3, 3, 3.5 ], "texture": "#border", "cullface": "down" },
				"up": { "uv": [ 2.5, 3, 3, 3.5 ], "texture": "#border" },
				"south": { "uv": [ 6.5, 13.5, 7, 15.5 ], "texture": "#side" }
			}
		},
		{
			"__comment": "InnerCorner",
			"from": [ 2.5, 0.01, 12.5 ],
			"to": [ 4, 1.99, 13.5 ],
			"rotation": { "origin": [ 2.5, 0, 12.5 ], "axis": "y", "angle": -45 },
			"faces": {
				"down": { "uv": [ 2.5, 13, 3, 13.5 ], "texture": "#border", "cullface": "down" },
				"up": { "uv": [ 3, 2.5, 3.5, 3 ], "texture": "#border" },
				"north": { "uv": [ 6.5, 13.5, 7, 15.5 ], "texture": "#side" }
			}
		},
		{
			"__comment": "HandleBottom",
			"from": [ 6.5, 2, 0.5 ],
			"to": [ 9.5, 2.5, 4.5 ],
			"faces": {
				"down": { "uv": [ 3, 4, 0, 0 ], "texture": "#overlay", "cullface": "down" },
				"up": { "uv": [ 0, 0, 3, 4 ], "texture": "#overlay", "cullface": "up" },
				"north": { "uv": [ 2.5, 13, 4.5, 13.5 ], "texture": "#side", "cullface": "north" },
				"south": { "uv": [ 2.5, 13, 4.5, 13.5 ], "texture": "#side" },
				"west": { "uv": [ 6.5, 13, 9.5, 13.5 ], "texture": "#side" },
				"east": { "uv": [ 6.5, 13, 9.5, 13.5 ], "texture": "#side" }
			}
		}
	]
}