{
	"__comment": "Designed by Sphax with Cubik Studio for PureBDcraft - https://BDcraft.net",
	"ambientocclusion": false,
	"textures": {
		"particle": "block/jungle_door_top",
		"top": "block/jungle_door_top"
	},
	"elements": [ 	 
		{
			"__comment": "Element",
			"from": [ 0, 0, 1 ],
			"to": [ 3, 1, 5 ],
			"faces": {
				"up": { "uv": [ 10, 14, 10.5, 16 ], "texture": "#top", "rotation": 180 },
				"north": { "uv": [ 15.5, 14, 16, 16 ], "texture": "#top" },
				"south": { "uv": [ 10, 14, 10.5, 16 ], "texture": "#top" },
				"west": { "uv": [ 15, 15, 11, 16 ], "texture": "#top" },
				"east": { "uv": [ 11, 15, 15, 16 ], "texture": "#top" }
			}
		},
		{
			"__comment": "Element",
			"from": [ 0, 3, 10 ],
			"to": [ 3, 14, 12 ],
			"faces": {
				"down": { "uv": [ 4, 12.5, 6, 13 ], "texture": "#top", "rotation": 90 },
				"up": { "uv": [ 4, 2, 6, 2.5 ], "texture": "#top", "rotation": 270 },
				"north": { "uv": [ 4, 2, 6, 13 ], "texture": "#top" },
				"south": { "uv": [ 4, 2, 6, 13 ], "texture": "#top" },
				"west": { "uv": [ 6, 2, 4, 13 ], "texture": "#top" },
				"east": { "uv": [ 4, 2, 6, 13 ], "texture": "#top" }
			}
		},
		{
			"__comment": "Element",
			"from": [ 0, 4, 2 ],
			"to": [ 3, 6, 13 ],
			"faces": {
				"down": { "uv": [ 3, 10, 14, 12 ], "texture": "#top", "rotation": 90 },
				"up": { "uv": [ 3, 10, 14, 12 ], "texture": "#top", "rotation": 90 },
				"north": { "uv": [ 13.5, 10, 14, 12 ], "texture": "#top" },
				"south": { "uv": [ 3, 10, 3.5, 12 ], "texture": "#top" },
				"west": { "uv": [ 14, 10, 3, 12 ], "texture": "#top" },
				"east": { "uv": [ 3, 10, 14, 12 ], "texture": "#top" }
			}
		},
		{
			"__comment": "Element",
			"from": [ 0, 11, 2 ],
			"to": [ 3, 13, 13 ],
			"faces": {
				"down": { "uv": [ 3, 3, 14, 5 ], "texture": "#top", "rotation": 90 },
				"up": { "uv": [ 3, 3, 14, 5 ], "texture": "#top", "rotation": 90 },
				"north": { "uv": [ 13.5, 3, 14, 5 ], "texture": "#top" },
				"south": { "uv": [ 3, 3, 3.5, 5 ], "texture": "#top" },
				"west": { "uv": [ 14, 3, 3, 5 ], "texture": "#top" },
				"east": { "uv": [ 3, 3, 14, 5 ], "texture": "#top" }
			}
		},
		{
			"__comment": "Element",
			"from": [ 0, 3, 3 ],
			"to": [ 3, 14, 5 ],
			"faces": {
				"down": { "uv": [ 11, 12.5, 13, 13 ], "texture": "#top", "rotation": 90 },
				"up": { "uv": [ 11, 2, 13, 2.5 ], "texture": "#top", "rotation": 270 },
				"north": { "uv": [ 11, 2, 13, 13 ], "texture": "#top" },
				"south": { "uv": [ 13, 2, 11, 13 ], "texture": "#top" },
				"west": { "uv": [ 13, 2, 11, 13 ], "texture": "#top" },
				"east": { "uv": [ 11, 2, 13, 13 ], "texture": "#top" }
			}
		},
		{
			"__comment": "Element",
			"from": [ 0.5, 0, 0 ],
			"to": [ 2.5, 16, 16 ],
			"faces": {
				"up": { "uv": [ 0, 0.75, 16, 1 ], "texture": "#top", "cullface": "up", "rotation": 270 },
				"north": { "uv": [ 7, 1, 10, 2 ], "texture": "#top" },
				"south": { "uv": [ 0, 0, 0.5, 16 ], "texture": "#top" },
				"west": { "uv": [ 16, 0, 0, 16 ], "texture": "#top" },
				"east": { "uv": [ 0, 0, 16, 16 ], "texture": "#top" }
			}
		},
		{
			"__comment": "Element",
			"from": [ 0, 10, 14 ],
			"to": [ 3, 12, 16 ],
			"faces": {
				"down": { "uv": [ 0, 5.5, 2, 6 ], "texture": "#top", "rotation": 180 },
				"up": { "uv": [ 0, 4, 2, 4.5 ], "texture": "#top", "rotation": 180 },
				"north": { "uv": [ 1.5, 4, 2, 6 ], "texture": "#top" },
				"south": { "uv": [ 0, 4, 0.5, 6 ], "texture": "#top" },
				"west": { "uv": [ 2, 4, 0, 6 ], "texture": "#top" },
				"east": { "uv": [ 0, 4, 2, 6 ], "texture": "#top" }
			}
		},
		{
			"__comment": "Element",
			"from": [ 0, 0, 14 ],
			"to": [ 3, 1, 16 ],
			"faces": {
				"up": { "uv": [ 0, 15, 2, 15.5 ], "texture": "#top", "rotation": 180 },
				"north": { "uv": [ 1.5, 15, 2, 16 ], "texture": "#top" },
				"south": { "uv": [ 0, 15, 0.5, 16 ], "texture": "#top" },
				"west": { "uv": [ 2, 15, 0, 16 ], "texture": "#top" },
				"east": { "uv": [ 0, 15, 2, 16 ], "texture": "#top" }
			}
		},
		{
			"__comment": "InnerHandle",
			"from": [ -0.25, 0, 2.25 ],
			"to": [ 3.25, 1.5, 3.75 ],
			"faces": {
				"up": { "uv": [ 12.25, 14.5, 13.75, 15 ], "texture": "#top", "rotation": 180 },
				"north": { "uv": [ 13.25, 14.5, 13.75, 16 ], "texture": "#top" },
				"south": { "uv": [ 12.25, 14.5, 13.75, 16 ], "texture": "#top" },
				"west": { "uv": [ 13.75, 14.5, 12.25, 16 ], "texture": "#top" },
				"east": { "uv": [ 12.25, 14.5, 13.75, 16 ], "texture": "#top" }
			}
		}
	]
}