{
	"__comment": "Designed by Eskimojo14 with Cubik Studio - https://cubik.studio",
	"parent": "block/thin_block",
	"textures": {
		"particle": "#texture",
		"texture": "block/mangrove_trapdoor",
		"inner": "block/_bdc/mangrove_trapdoor_inner"
	},
	"elements": [ 	 
		{
			"__comment": "Box9",
			"from": [ 0, 0, 0 ],
			"to": [ 16, 2, 16 ],
			"faces": {
				"down": { "uv": [ 0, 0, 16, 16 ], "texture": "#texture", "cullface": "down", "rotation": 180 },
				"up": { "uv": [ 0, 0, 16, 16 ], "texture": "#texture" },
				"north": { "uv": [ 6.5, 13.5, 7, 16 ], "texture": "#texture", "cullface": "north" },
				"south": { "uv": [ 6.5, 13.5, 7, 16 ], "texture": "#texture", "cullface": "south" },
				"west": { "uv": [ 6.5, 13.5, 7, 16 ], "texture": "#texture", "cullface": "west" },
				"east": { "uv": [ 6.5, 13.5, 7, 16 ], "texture": "#texture", "cullface": "east" }
			}
		},
		{
			"__comment": "Box10",
			"from": [ 0.5, 0.5, 0.5 ],
			"to": [ 15.5, 1.5, 15.5 ],
			"faces": {
				"down": { "uv": [ 0.5, 0.5, 15.5, 15.5 ], "texture": "#inner", "rotation": 180 },
				"up": { "uv": [ 0.5, 0.5, 15.5, 15.5 ], "texture": "#inner" }
			}
		},
		{
			"__comment": "Box11",
			"from": [ 11, -0.5, 15 ],
			"to": [ 13, 2.5, 16.125 ],
			"faces": {
				"down": { "uv": [ 3, 15, 5, 16 ], "texture": "#texture", "rotation": 180 },
				"up": { "uv": [ 3, 15, 5, 16 ], "texture": "#texture" },
				"north": { "uv": [ 3, 16, 5, 15 ], "texture": "#texture", "rotation": 90 },
				"south": { "uv": [ 3, 16, 5, 15 ], "texture": "#texture", "rotation": 90 },
				"west": { "uv": [ 3, 15.875, 5, 16 ], "texture": "#texture" },
				"east": { "uv": [ 3, 15.875, 5, 16 ], "texture": "#texture" }
			}
		},
		{
			"__comment": "Box11",
			"from": [ 3, -0.5, 15 ],
			"to": [ 5, 2.5, 16.125 ],
			"faces": {
				"down": { "uv": [ 3, 15, 5, 16 ], "texture": "#texture", "rotation": 180 },
				"up": { "uv": [ 3, 15, 5, 16 ], "texture": "#texture" },
				"north": { "uv": [ 3, 16, 5, 15 ], "texture": "#texture", "rotation": 90 },
				"south": { "uv": [ 3, 16, 5, 15 ], "texture": "#texture", "rotation": 90 },
				"west": { "uv": [ 3, 15.875, 5, 16 ], "texture": "#texture" },
				"east": { "uv": [ 3, 15.875, 5, 16 ], "texture": "#texture" }
			}
		},
		{
			"__comment": "Box13",
			"from": [ 5.5, -0.5, 0.75 ],
			"to": [ 10.5, 2.5, 1.75 ],
			"faces": {
				"down": { "uv": [ 5.5, 0.75, 10.5, 1.75 ], "texture": "#texture", "rotation": 180 },
				"up": { "uv": [ 5.5, 0.75, 10.5, 1.75 ], "texture": "#texture" },
				"north": { "uv": [ 7, 0.75, 7.5, 1.75 ], "texture": "#texture" },
				"south": { "uv": [ 7, 0.75, 7.5, 1.75 ], "texture": "#texture" },
				"west": { "uv": [ 7, 0.75, 7.5, 1.75 ], "texture": "#texture" },
				"east": { "uv": [ 7, 0.75, 7.5, 1.75 ], "texture": "#texture" }
			}
		},
		{
			"__comment": "Box14",
			"from": [ 13.5, 0, 4 ],
			"to": [ 14.5, 2, 13 ],
			"faces": {
				"west": { "uv": [ 6.5, 13.5, 7, 16 ], "texture": "#texture" }
			}
		},
		{
			"__comment": "Box14",
			"from": [ 1.5, 0, 4 ],
			"to": [ 2.5, 2, 13 ],
			"faces": {
				"east": { "uv": [ 6.5, 13.5, 7, 16 ], "texture": "#texture" }
			}
		},
		{
			"__comment": "Box14",
			"from": [ 3, 0, 13.5 ],
			"to": [ 12, 2, 14.5 ],
			"faces": {
				"north": { "uv": [ 6.5, 13.5, 7, 16 ], "texture": "#texture" }
			}
		},
		{
			"__comment": "Box14",
			"from": [ 3, 0, 1.5 ],
			"to": [ 12, 2, 2.5 ],
			"faces": {
				"south": { "uv": [ 6.5, 13.5, 7, 16 ], "texture": "#texture" }
			}
		},
		{
			"__comment": "innercorner",
			"from": [ 10, 0.501, 4 ],
			"to": [ 13, 1.499, 5 ],
			"rotation": { "origin": [ 10, 0, 5 ], "axis": "y", "angle": -45 },
			"faces": {
				"down": { "uv": [ 2.25, 4.75, 2.5, 5 ], "texture": "#inner", "rotation": 90 },
				"up": { "uv": [ 2.25, 4.75, 2.5, 5 ], "texture": "#inner", "rotation": 270 },
				"south": { "uv": [ 8.75, 11, 9.25, 12.25 ], "texture": "#inner" }
			}
		},
		{
			"__comment": "Box18",
			"from": [ 11.5, 0.001, 1.5 ],
			"to": [ 14.5, 1.999, 2.5 ],
			"rotation": { "origin": [ 11.5, 0, 2.5 ], "axis": "y", "angle": -45 },
			"faces": {
				"down": { "uv": [ 2.25, 4.75, 2.5, 5 ], "texture": "#texture", "rotation": 90 },
				"up": { "uv": [ 2.25, 4.75, 2.5, 5 ], "texture": "#texture", "rotation": 270 },
				"south": { "uv": [ 6.5, 13.5, 7, 16 ], "texture": "#texture" }
			}
		},
		{
			"__comment": "Box18",
			"from": [ 13.5, 0.001, 11.5 ],
			"to": [ 14.5, 1.999, 14.5 ],
			"rotation": { "origin": [ 13.5, 0, 11.5 ], "axis": "y", "angle": -45 },
			"faces": {
				"down": { "uv": [ 2.25, 4.75, 2.5, 5 ], "texture": "#texture" },
				"up": { "uv": [ 2.25, 4.75, 2.5, 5 ], "texture": "#texture" },
				"west": { "uv": [ 6.5, 13.5, 7, 16 ], "texture": "#texture" }
			}
		},
		{
			"__comment": "Box18",
			"from": [ 1.5, 0.001, 13.5 ],
			"to": [ 4.5, 1.999, 14.5 ],
			"rotation": { "origin": [ 4.5, 0, 13.5 ], "axis": "y", "angle": -45 },
			"faces": {
				"down": { "uv": [ 2.25, 4.75, 2.5, 5 ], "texture": "#texture", "rotation": 270 },
				"up": { "uv": [ 2.25, 4.75, 2.5, 5 ], "texture": "#texture", "rotation": 90 },
				"north": { "uv": [ 6.5, 13.5, 7, 16 ], "texture": "#texture" }
			}
		},
		{
			"__comment": "Box14",
			"from": [ 4, 0.5, 6 ],
			"to": [ 5, 1.5, 10 ],
			"faces": {
				"east": { "uv": [ 8.75, 11, 9.25, 12.25 ], "texture": "#inner" }
			}
		},
		{
			"__comment": "Box14",
			"from": [ 6, 0.5, 4 ],
			"to": [ 10, 1.5, 5 ],
			"faces": {
				"south": { "uv": [ 8.75, 11, 9.25, 12.25 ], "texture": "#inner" }
			}
		},
		{
			"__comment": "Box14",
			"from": [ 11, 0.5, 6 ],
			"to": [ 12, 1.5, 10 ],
			"faces": {
				"west": { "uv": [ 8.75, 11, 9.25, 12.25 ], "texture": "#inner" }
			}
		},
		{
			"__comment": "Box14",
			"from": [ 6, 0.5, 11 ],
			"to": [ 10, 1.5, 12 ],
			"faces": {
				"north": { "uv": [ 8.75, 11, 9.25, 12.25 ], "texture": "#inner" }
			}
		},
		{
			"__comment": "Box18",
			"from": [ 1.5, 0.001, 1.5 ],
			"to": [ 2.5, 1.999, 4.5 ],
			"rotation": { "origin": [ 2.5, 0, 4.5 ], "axis": "y", "angle": -45 },
			"faces": {
				"down": { "uv": [ 2.25, 4.75, 2.5, 5 ], "texture": "#texture", "rotation": 180 },
				"up": { "uv": [ 2.25, 4.75, 2.5, 5 ], "texture": "#texture", "rotation": 180 },
				"east": { "uv": [ 6.5, 13.5, 7, 16 ], "texture": "#texture" }
			}
		},
		{
			"__comment": "innercorner",
			"from": [ 4, 0.501, 3 ],
			"to": [ 5, 1.499, 6 ],
			"rotation": { "origin": [ 5, 0, 6 ], "axis": "y", "angle": -45 },
			"faces": {
				"down": { "uv": [ 2.25, 4.75, 2.5, 5 ], "texture": "#inner", "rotation": 180 },
				"up": { "uv": [ 2.25, 4.75, 2.5, 5 ], "texture": "#inner", "rotation": 180 },
				"east": { "uv": [ 8.75, 11, 9.25, 12.25 ], "texture": "#inner" }
			}
		},
		{
			"__comment": "innercorner",
			"from": [ 3, 0.501, 11 ],
			"to": [ 6, 1.499, 12 ],
			"rotation": { "origin": [ 6, 0, 11 ], "axis": "y", "angle": -45 },
			"faces": {
				"down": { "uv": [ 2.25, 4.75, 2.5, 5 ], "texture": "#inner", "rotation": 270 },
				"up": { "uv": [ 2.25, 4.75, 2.5, 5 ], "texture": "#inner", "rotation": 90 },
				"north": { "uv": [ 8.75, 11, 9.25, 12.25 ], "texture": "#inner" }
			}
		},
		{
			"__comment": "innercorner",
			"from": [ 11, 0.501, 10 ],
			"to": [ 12, 1.499, 13 ],
			"rotation": { "origin": [ 11, 0, 10 ], "axis": "y", "angle": -45 },
			"faces": {
				"down": { "uv": [ 2.25, 4.75, 2.5, 5 ], "texture": "#inner" },
				"up": { "uv": [ 2.25, 4.75, 2.5, 5 ], "texture": "#inner" },
				"west": { "uv": [ 8.75, 11, 9.25, 12.25 ], "texture": "#inner" }
			}
		}
	]
}