{
	"__comment": "Designed by Sphax with BDcraft Cubik PRO 0.76 Beta - http://bdcraft.net",
	"ambientocclusion": false,
	"textures": {
		"particle": "block/mangrove_door_top",
		"top": "block/mangrove_door_top"
	},
	"elements": [ 	 
		{
			"__comment": "Element",
			"from": [ 1, 0, 1 ],
			"to": [ 2, 15, 15 ],
			"faces": {
				"north": { "uv": [ 5, 3, 5.25, 15 ], "texture": "#top" },
				"south": { "uv": [ 5, 3, 5.25, 15 ], "texture": "#top" },
				"west": { "uv": [ 15, 1, 1, 16 ], "texture": "#top" },
				"east": { "uv": [ 1, 1, 15, 16 ], "texture": "#top" }
			}
		},
		{
			"__comment": "Element",
			"from": [ 0.5, 0, 0 ],
			"to": [ 2.5, 14, 2 ],
			"faces": {
				"north": { "uv": [ 14, 4, 16, 12 ], "texture": "#top", "cullface": "south" },
				"south": { "uv": [ 14, 3.25, 16, 3.75 ], "texture": "#top" },
				"west": { "uv": [ 16, 2, 14, 16 ], "texture": "#top" },
				"east": { "uv": [ 14, 2, 16, 16 ], "texture": "#top" }
			}
		},
		{
			"__comment": "Element",
			"from": [ 0.5, 14, 0 ],
			"to": [ 2.5, 16, 16 ],
			"faces": {
				"down": { "uv": [ 3.5, 0, 12.5, 2 ], "texture": "#top", "rotation": 270 },
				"up": { "uv": [ 3.5, 0, 12.25, 2 ], "texture": "#top", "cullface": "up", "rotation": 270 },
				"north": { "uv": [ 14, 2, 16, 4 ], "texture": "#top", "cullface": "south" },
				"south": { "uv": [ 0, 0, 0.25, 2 ], "texture": "#top", "cullface": "north" },
				"west": { "uv": [ 16, 0, 0, 2 ], "texture": "#top" },
				"east": { "uv": [ 0, 0, 16, 2 ], "texture": "#top" }
			}
		},
		{
			"__comment": "Element",
			"from": [ 0.5, 0, 14 ],
			"to": [ 2.5, 14, 16 ],
			"faces": {
				"north": { "uv": [ 0, 9, 2, 9.25 ], "texture": "#top" },
				"south": { "uv": [ 0, 2, 0.25, 16 ], "texture": "#top", "cullface": "north" },
				"west": { "uv": [ 2, 2, 0, 16 ], "texture": "#top" },
				"east": { "uv": [ 0, 2, 2, 16 ], "texture": "#top" }
			}
		},
		{
			"__comment": "Element",
			"from": [ 0, 10, 15 ],
			"to": [ 3, 12, 16 ],
			"faces": {
				"down": { "uv": [ 0, 5.5, 1, 6 ], "texture": "#top", "rotation": 180 },
				"up": { "uv": [ 0, 4, 1, 4.5 ], "texture": "#top", "rotation": 180 },
				"north": { "uv": [ 0.75, 4, 1, 6 ], "texture": "#top" },
				"south": { "uv": [ 0, 4, 0.25, 6 ], "texture": "#top" },
				"west": { "uv": [ 0, 4, 1, 6 ], "texture": "#top" },
				"east": { "uv": [ 0, 4, 1, 6 ], "texture": "#top" }
			}
		},
		{
			"__comment": "Element",
			"from": [ 0, 0, 15 ],
			"to": [ 3, 1, 16 ],
			"faces": {
				"up": { "uv": [ 0, 4, 1, 4.5 ], "texture": "#top", "rotation": 180 },
				"north": { "uv": [ 0.75, 15, 1, 16 ], "texture": "#top" },
				"south": { "uv": [ 0, 15, 0.25, 16 ], "texture": "#top" },
				"west": { "uv": [ 0, 15, 1, 16 ], "texture": "#top" },
				"east": { "uv": [ 0, 15, 1, 16 ], "texture": "#top" }
			}
		},
		{
			"__comment": "Element",
			"from": [ 0.5, 0, 4 ],
			"to": [ 2.5, 12, 12 ],
			"faces": {
				"up": { "uv": [ 5.75, 0, 6, 2 ], "texture": "#top", "rotation": 270 },
				"north": { "uv": [ 14, 4, 16, 4.5 ], "texture": "#top" },
				"south": { "uv": [ 14, 4, 16, 4.5 ], "texture": "#top" },
				"west": { "uv": [ 4, 4, 12, 16 ], "texture": "#top" },
				"east": { "uv": [ 4, 4, 12, 16 ], "texture": "#top" }
			}
		},
		{
			"__comment": "Element",
			"from": [ 0.25, 2, 7.17 ],
			"to": [ 2.75, 4.83, 10 ],
			"rotation": { "origin": [ 2.874999, 2, 9.999998 ], "axis": "x", "angle": -45 },
			"faces": {
				"down": { "uv": [ 7.25, 7.25, 9, 9 ], "texture": "#top", "rotation": 90 },
				"up": { "uv": [ 7.25, 7.25, 9, 9 ], "texture": "#top", "rotation": 270 },
				"north": { "uv": [ 7.25, 7.25, 9, 9 ], "texture": "#top", "rotation": 90 },
				"south": { "uv": [ 7.25, 7.25, 9, 9 ], "texture": "#top", "rotation": 90 },
				"west": { "uv": [ 7.25, 7.25, 9, 9 ], "texture": "#top", "rotation": 90 },
				"east": { "uv": [ 7.25, 7.25, 9, 9 ], "texture": "#top" }
			}
		},
		{
			"__comment": "Element",
			"from": [ 0.25, 8, 7.17 ],
			"to": [ 2.75, 10.83, 10 ],
			"rotation": { "origin": [ 2.874999, 8, 9.999998 ], "axis": "x", "angle": -45 },
			"faces": {
				"down": { "uv": [ 7.25, 7.25, 9, 9 ], "texture": "#top", "rotation": 90 },
				"up": { "uv": [ 7.25, 7.25, 9, 9 ], "texture": "#top", "rotation": 270 },
				"north": { "uv": [ 7.25, 7.25, 9, 9 ], "texture": "#top", "rotation": 90 },
				"south": { "uv": [ 7.25, 7.25, 9, 9 ], "texture": "#top", "rotation": 90 },
				"west": { "uv": [ 7.25, 7.25, 9, 9 ], "texture": "#top", "rotation": 90 },
				"east": { "uv": [ 7.25, 7.25, 9, 9 ], "texture": "#top" }
			}
		},
		{
			"__comment": "Element",
			"from": [ 0, 2, 1 ],
			"to": [ 1, 3, 3 ],
			"faces": {
				"down": { "uv": [ 14.25, 14, 14.5, 13 ], "texture": "#top", "rotation": 180 },
				"up": { "uv": [ 14.25, 13, 14.5, 14 ], "texture": "#top", "rotation": 270 },
				"north": { "uv": [ 14.75, 13, 15, 14 ], "texture": "#top" },
				"south": { "uv": [ 13, 14.75, 14, 15 ], "texture": "#top" },
				"west": { "uv": [ 15, 13, 13, 14 ], "texture": "#top" }
			}
		},
		{
			"__comment": "Element",
			"from": [ 0, 0, 2 ],
			"to": [ 1, 2, 3 ],
			"faces": {
				"north": { "uv": [ 13, 14.75, 14, 15 ], "texture": "#top" },
				"south": { "uv": [ 13, 14.75, 14, 15 ], "texture": "#top" },
				"west": { "uv": [ 14, 14, 13, 16 ], "texture": "#top" }
			}
		},
		{
			"__comment": "Element",
			"from": [ 2, 2, 1 ],
			"to": [ 3, 3, 3 ],
			"faces": {
				"down": { "uv": [ 14.25, 14, 14.5, 13 ], "texture": "#top", "rotation": 180 },
				"up": { "uv": [ 14.25, 13, 14.5, 14 ], "texture": "#top", "rotation": 270 },
				"north": { "uv": [ 14.75, 13, 15, 14 ], "texture": "#top" },
				"south": { "uv": [ 13, 14.75, 14, 15 ], "texture": "#top" },
				"east": { "uv": [ 13, 13, 15, 14 ], "texture": "#top" }
			}
		},
		{
			"__comment": "Element",
			"from": [ 2, 0, 2 ],
			"to": [ 3, 2, 3 ],
			"faces": {
				"north": { "uv": [ 13, 14.75, 14, 15 ], "texture": "#top" },
				"south": { "uv": [ 13, 14.75, 14, 15 ], "texture": "#top" },
				"east": { "uv": [ 13, 14, 14, 16 ], "texture": "#top" }
			}
		}
	]
}