{
	"__comment": "Designed by Sphax with Cubik Studio - https://cubik.studio",
	"parent": "block/block",
	"textures": {
		"particle": "block/stonecutter_side",
		"side": "block/stonecutter_side",
		"top": "block/stonecutter_top",
		"bottom": "block/smooth_stone",
		"saw": "block/stonecutter_saw"
	},
	"elements": [ 	 
		{
			"from": [ 0, 1, 0 ],
			"to": [ 3, 9, 3 ],
			"faces": {
				"up": { "uv": [ 0, 0, 3, 3 ], "texture": "#top" },
				"north": { "uv": [ 13, 7, 16, 15 ], "texture": "#side" },
				"south": { "uv": [ 0, 7, 3, 15 ], "texture": "#side" },
				"west": { "uv": [ 0, 7, 3, 15 ], "texture": "#side" },
				"east": { "uv": [ 13, 7, 16, 15 ], "texture": "#side" }
			}
		},
		{
			"from": [ 13, 1, 0 ],
			"to": [ 16, 9, 3 ],
			"faces": {
				"up": { "uv": [ 13, 0, 16, 3 ], "texture": "#top" },
				"north": { "uv": [ 0, 7, 3, 15 ], "texture": "#side" },
				"south": { "uv": [ 0, 7, 3, 15 ], "texture": "#side" },
				"west": { "uv": [ 0, 7, 3, 15 ], "texture": "#side" },
				"east": { "uv": [ 13, 7, 16, 15 ], "texture": "#side" }
			}
		},
		{
			"from": [ 0, 1, 13 ],
			"to": [ 3, 9, 16 ],
			"faces": {
				"up": { "uv": [ 0, 13, 3, 16 ], "texture": "#top" },
				"north": { "uv": [ 0, 7, 3, 15 ], "texture": "#side" },
				"south": { "uv": [ 0, 7, 3, 15 ], "texture": "#side" },
				"west": { "uv": [ 13, 7, 16, 15 ], "texture": "#side" },
				"east": { "uv": [ 0, 7, 3, 15 ], "texture": "#side" }
			}
		},
		{
			"from": [ 13, 1, 13 ],
			"to": [ 16, 9, 16 ],
			"faces": {
				"up": { "uv": [ 13, 13, 16, 16 ], "texture": "#top" },
				"north": { "uv": [ 0, 7, 3, 15 ], "texture": "#side" },
				"south": { "uv": [ 13, 7, 16, 15 ], "texture": "#side" },
				"west": { "uv": [ 13, 7, 16, 15 ], "texture": "#side" },
				"east": { "uv": [ 0, 7, 3, 15 ], "texture": "#side" }
			}
		},
		{
			"from": [ 1, 0, 1 ],
			"to": [ 15, 9, 7 ],
			"faces": {
				"up": { "uv": [ 1, 1, 15, 7 ], "texture": "#top" },
				"north": { "uv": [ 1, 7, 15, 16 ], "texture": "#side" },
				"south": { "uv": [ 1, 7, 15, 16 ], "texture": "#bottom" },
				"west": { "uv": [ 1, 7, 7, 16 ], "texture": "#side" },
				"east": { "uv": [ 9, 7, 15, 16 ], "texture": "#side" }
			}
		},
		{
			"from": [ 7, 7, 0 ],
			"to": [ 9, 9, 16 ],
			"faces": {
				"down": { "uv": [ 7, 0, 9, 16 ], "texture": "#top" },
				"up": { "uv": [ 7, 0, 9, 16 ], "texture": "#top" },
				"north": { "uv": [ 7, 7, 9, 9 ], "texture": "#side" },
				"south": { "uv": [ 7, 7, 9, 9 ], "texture": "#side" },
				"west": { "uv": [ 7, 0, 9, 16 ], "texture": "#top", "rotation": 90 },
				"east": { "uv": [ 7, 0, 9, 16 ], "texture": "#top", "rotation": 90 }
			}
		},
		{
			"from": [ 0.005, 6, 8.5 ],
			"to": [ 15.995, 8, 16 ],
			"faces": {
				"down": { "uv": [ 0, 8.5, 16, 13 ], "texture": "#top" },
				"up": { "uv": [ 0, 8.5, 16, 16 ], "texture": "#top" },
				"north": { "uv": [ 3, 8, 13, 10 ], "texture": "#side" },
				"south": { "uv": [ 0, 8, 16, 10 ], "texture": "#side", "cullface": "south" },
				"west": { "uv": [ 3.5, 8, 6.5, 10 ], "texture": "#side" },
				"east": { "uv": [ 9.5, 8, 12.5, 10 ], "texture": "#side" }
			}
		},
		{
			"from": [ 1.5, 1.5, 8 ],
			"to": [ 14.5, 14.5, 8.001 ],
			"shade": false,
			"faces": {
				"north": { "uv": [ 16, 0, 0, 16 ], "texture": "#saw" },
				"south": { "uv": [ 0, 0, 16, 16 ], "texture": "#saw" }
			}
		},
		{
			"from": [ 1, 0, 9 ],
			"to": [ 15, 9, 15 ],
			"faces": {
				"up": { "uv": [ 1, 9, 15, 15 ], "texture": "#top" },
				"north": { "uv": [ 1, 7, 15, 16 ], "texture": "#bottom" },
				"south": { "uv": [ 1, 7, 15, 16 ], "texture": "#side" },
				"west": { "uv": [ 9, 7, 15, 16 ], "texture": "#side" },
				"east": { "uv": [ 1, 7, 7, 16 ], "texture": "#side" }
			}
		},
		{
			"from": [ 0, 0, 0 ],
			"to": [ 16, 1, 16 ],
			"faces": {
				"down": { "uv": [ 0, 0, 16, 16 ], "texture": "#bottom", "cullface": "down" },
				"up": { "uv": [ 0, 0, 16, 16 ], "texture": "#bottom" },
				"north": { "uv": [ 0, 15, 16, 16 ], "texture": "#side", "cullface": "north" },
				"south": { "uv": [ 0, 15, 16, 16 ], "texture": "#side", "cullface": "south" },
				"west": { "uv": [ 0, 15, 16, 16 ], "texture": "#side", "cullface": "west" },
				"east": { "uv": [ 0, 15, 16, 16 ], "texture": "#side", "cullface": "east" }
			}
		},
		{
			"from": [ 13, -0.001, 13 ],
			"to": [ 16, 0.999, 16 ],
			"faces": {
				"down": { "uv": [ 13, 0, 16, 3 ], "texture": "#top", "cullface": "down" }
			}
		},
		{
			"from": [ 13, -0.001, 0 ],
			"to": [ 16, 0.999, 3 ],
			"faces": {
				"down": { "uv": [ 13, 13, 16, 16 ], "texture": "#top", "cullface": "down" }
			}
		},
		{
			"from": [ 0, -0.001, 13 ],
			"to": [ 3, 0.999, 16 ],
			"faces": {
				"down": { "uv": [ 0, 0, 3, 3 ], "texture": "#top", "cullface": "down" }
			}
		},
		{
			"from": [ 0, -0.001, 0 ],
			"to": [ 3, 0.999, 3 ],
			"faces": {
				"down": { "uv": [ 0, 13, 3, 16 ], "texture": "#top", "cullface": "down" }
			}
		},
		{
			"from": [ 0, 1, 7 ],
			"to": [ 1, 9, 9 ],
			"faces": {
				"up": { "uv": [ 0, 7, 1, 9 ], "texture": "#top" },
				"north": { "uv": [ 8, 8.5, 9, 16 ], "texture": "#top" },
				"south": { "uv": [ 7, 8.5, 8, 16 ], "texture": "#top" },
				"west": { "uv": [ 7, 0, 9, 8 ], "texture": "#top", "cullface": "west" },
				"east": { "uv": [ 7, 0, 9, 8 ], "texture": "#top" }
			}
		},
		{
			"from": [ 15, 1, 7 ],
			"to": [ 16, 9, 9 ],
			"faces": {
				"up": { "uv": [ 15, 7, 16, 9 ], "texture": "#top" },
				"north": { "uv": [ 8, 8.5, 9, 16 ], "texture": "#top" },
				"south": { "uv": [ 7, 8.5, 8, 16 ], "texture": "#top" },
				"west": { "uv": [ 7, 0, 9, 8 ], "texture": "#top" },
				"east": { "uv": [ 7, 0, 9, 8 ], "texture": "#top", "cullface": "east" }
			}
		},
		{
			"from": [ 0.005, 6, 0 ],
			"to": [ 15.995, 8, 7.5 ],
			"faces": {
				"down": { "uv": [ 0, 8.5, 16, 16 ], "texture": "#top" },
				"up": { "uv": [ 0, 0, 16, 7.5 ], "texture": "#top" },
				"north": { "uv": [ 0, 8, 16, 10 ], "texture": "#side", "cullface": "north" },
				"south": { "uv": [ 3, 8, 13, 10 ], "texture": "#side" },
				"west": { "uv": [ 3.5, 8, 6.5, 10 ], "texture": "#side" },
				"east": { "uv": [ 9.5, 8, 12.5, 10 ], "texture": "#side" }
			}
		}
	]
}