{
	"__comment": "Designed by Sphax with BDcraft Cubik PRO 0.75 Beta - http://bdcraft.net",
	"parent": "block/block",
	"ambientocclusion": false,
	"textures": {
		"particle": "block/cauldron_side",
		"inside": "block/cauldron_inner",
		"top": "block/cauldron_top",
		"side": "block/cauldron_side"
	},
	"elements": [ 	 
		{
			"from": [ 2, 3, 14 ],
			"to": [ 14, 16, 16 ],
			"faces": {
				"down": { "uv": [ 2, 16, 14, 14 ], "texture": "#inside" },
				"up": { "uv": [ 2, 14, 14, 16 ], "texture": "#top", "cullface": "up" },
				"north": { "uv": [ 2, 0, 14, 13 ], "texture": "#side", "cullface": "up" },
				"south": { "uv": [ 2, 0, 14, 13 ], "texture": "#side", "cullface": "south" }
			}
		},
		{
			"from": [ 2, 3, 0 ],
			"to": [ 14, 16, 2 ],
			"faces": {
				"down": { "uv": [ 2, 2, 14, 0 ], "texture": "#inside" },
				"up": { "uv": [ 2, 0, 14, 2 ], "texture": "#top", "cullface": "up" },
				"north": { "uv": [ 2, 0, 14, 13 ], "texture": "#side", "cullface": "north" },
				"south": { "uv": [ 2, 0, 14, 13 ], "texture": "#side", "cullface": "up" }
			}
		},
		{
			"from": [ 14, 3, 0 ],
			"to": [ 16, 16, 16 ],
			"faces": {
				"down": { "uv": [ 14, 16, 16, 0 ], "texture": "#inside" },
				"up": { "uv": [ 14, 0, 16, 16 ], "texture": "#top", "cullface": "up" },
				"north": { "uv": [ 0, 0, 2, 13 ], "texture": "#side", "cullface": "north" },
				"south": { "uv": [ 14, 0, 16, 13 ], "texture": "#side", "cullface": "south" },
				"west": { "uv": [ 0, 0, 16, 13 ], "texture": "#side", "cullface": "up" },
				"east": { "uv": [ 0, 0, 16, 13 ], "texture": "#side", "cullface": "east" }
			}
		},
		{
			"from": [ 2, 3, 2 ],
			"to": [ 14, 4, 14 ],
			"faces": {
				"down": { "uv": [ 2, 14, 14, 2 ], "texture": "#inside" },
				"up": { "uv": [ 2, 2, 14, 14 ], "texture": "#inside", "cullface": "up" }
			}
		},
		{
			"from": [ 0, 3, 0 ],
			"to": [ 2, 16, 16 ],
			"faces": {
				"down": { "uv": [ 0, 16, 2, 0 ], "texture": "#inside" },
				"up": { "uv": [ 0, 0, 2, 16 ], "texture": "#top", "cullface": "up" },
				"north": { "uv": [ 14, 0, 16, 13 ], "texture": "#side", "cullface": "north" },
				"south": { "uv": [ 0, 0, 2, 13 ], "texture": "#side", "cullface": "south" },
				"west": { "uv": [ 0, 0, 16, 13 ], "texture": "#side", "cullface": "west" },
				"east": { "uv": [ 0, 0, 16, 13 ], "texture": "#side", "cullface": "up" }
			}
		},
		{
			"from": [ 14, 0, 2 ],
			"to": [ 16, 3, 3 ],
			"faces": {
				"down": { "uv": [ 14, 3, 16, 2 ], "texture": "#top", "cullface": "down" },
				"south": { "uv": [ 14, 13, 16, 16 ], "texture": "#inside" },
				"west": { "uv": [ 2, 13, 3, 16 ], "texture": "#inside" },
				"east": { "uv": [ 13, 13, 14, 16 ], "texture": "#side", "cullface": "east" }
			}
		},
		{
			"from": [ 13, 0, 0 ],
			"to": [ 16, 3, 2 ],
			"faces": {
				"down": { "uv": [ 13, 2, 16, 0 ], "texture": "#top", "cullface": "down" },
				"north": { "uv": [ 0, 13, 3, 16 ], "texture": "#side", "cullface": "north" },
				"south": { "uv": [ 13, 13, 16, 16 ], "texture": "#inside" },
				"west": { "uv": [ 0, 13, 2, 16 ], "texture": "#inside" },
				"east": { "uv": [ 14, 13, 16, 16 ], "texture": "#side", "cullface": "east" }
			}
		},
		{
			"from": [ 0, 0, 2 ],
			"to": [ 2, 3, 3 ],
			"faces": {
				"down": { "uv": [ 0, 3, 2, 2 ], "texture": "#top", "cullface": "down" },
				"south": { "uv": [ 0, 13, 2, 16 ], "texture": "#inside" },
				"west": { "uv": [ 2, 13, 3, 16 ], "texture": "#side", "cullface": "west" },
				"east": { "uv": [ 13, 13, 14, 16 ], "texture": "#inside" }
			}
		},
		{
			"from": [ 0, 0, 0 ],
			"to": [ 3, 3, 2 ],
			"faces": {
				"down": { "uv": [ 0, 2, 3, 0 ], "texture": "#top", "cullface": "down" },
				"north": { "uv": [ 13, 13, 16, 16 ], "texture": "#side", "cullface": "north" },
				"south": { "uv": [ 0, 13, 3, 16 ], "texture": "#inside" },
				"west": { "uv": [ 0, 13, 2, 16 ], "texture": "#side", "cullface": "west" },
				"east": { "uv": [ 14, 13, 16, 16 ], "texture": "#inside" }
			}
		},
		{
			"from": [ 0, 0, 14 ],
			"to": [ 3, 3, 16 ],
			"faces": {
				"down": { "uv": [ 0, 16, 3, 14 ], "texture": "#top", "cullface": "down" },
				"north": { "uv": [ 13, 13, 16, 16 ], "texture": "#inside" },
				"south": { "uv": [ 0, 13, 3, 16 ], "texture": "#side", "cullface": "south" },
				"west": { "uv": [ 14, 13, 16, 16 ], "texture": "#side", "cullface": "west" },
				"east": { "uv": [ 0, 13, 2, 16 ], "texture": "#inside" }
			}
		},
		{
			"from": [ 0, 0, 13 ],
			"to": [ 2, 3, 14 ],
			"faces": {
				"down": { "uv": [ 0, 14, 2, 13 ], "texture": "#top", "cullface": "down" },
				"north": { "uv": [ 14, 13, 16, 16 ], "texture": "#inside" },
				"west": { "uv": [ 13, 13, 14, 16 ], "texture": "#side", "cullface": "west" },
				"east": { "uv": [ 2, 13, 3, 16 ], "texture": "#inside" }
			}
		},
		{
			"from": [ 13, 0, 14 ],
			"to": [ 16, 3, 16 ],
			"faces": {
				"down": { "uv": [ 13, 16, 16, 14 ], "texture": "#top", "cullface": "down" },
				"north": { "uv": [ 0, 13, 3, 16 ], "texture": "#inside" },
				"south": { "uv": [ 13, 13, 16, 16 ], "texture": "#side", "cullface": "south" },
				"west": { "uv": [ 14, 13, 16, 16 ], "texture": "#inside" },
				"east": { "uv": [ 0, 13, 2, 16 ], "texture": "#side", "cullface": "east" }
			}
		},
		{
			"from": [ 14, 0, 13 ],
			"to": [ 16, 3, 14 ],
			"faces": {
				"down": { "uv": [ 14, 14, 16, 13 ], "texture": "#top", "cullface": "down" },
				"north": { "uv": [ 0, 13, 2, 16 ], "texture": "#inside" },
				"west": { "uv": [ 13, 13, 14, 16 ], "texture": "#inside" },
				"east": { "uv": [ 2, 13, 3, 16 ], "texture": "#side", "cullface": "east" }
			}
		},
        {
            "from": [ 2, 4, 2 ],
            "to": [ 14, 12, 14 ],
            "faces": {
                "up": { "texture": "#content", "tintindex": 0, "cullface": "up" }
            }
        }
	]
}