{
	"__comment": "Designed by Sphax with Cubik Studio - https://cubik.studio",
	"ambientocclusion": false,
	"textures": {
		"particle": "#top",
		"top": "block/warped_door_top"
	},
	"elements": [ 	 
		{
			"__comment": "Box1",
			"from": [ 0.5, 0, 0 ],
			"to": [ 2.5, 16, 16 ],
			"faces": {
				"up": { "uv": [ 0, 0, 16, 0.25 ], "texture": "#top", "rotation": 270 },
				"north": { "uv": [ 15.75, 0, 16, 16 ], "texture": "#top" },
				"south": { "uv": [ 0, 0, 0.25, 16 ], "texture": "#top" },
				"west": { "uv": [ 16, 0, 0, 16 ], "texture": "#top" },
				"east": { "uv": [ 0, 0, 16, 16 ], "texture": "#top" }
			}
		},
		{
			"__comment": "Box3",
			"from": [ 0, 0, 2 ],
			"to": [ 3, 2, 5 ],
			"faces": {
				"up": { "uv": [ 11, 14, 14, 16 ], "texture": "#top", "rotation": 180 },
				"north": { "uv": [ 11, 14, 14, 16 ], "texture": "#top" },
				"south": { "uv": [ 11, 14, 14, 16 ], "texture": "#top" },
				"west": { "uv": [ 14, 14, 11, 16 ], "texture": "#top" },
				"east": { "uv": [ 11, 14, 14, 16 ], "texture": "#top" }
			}
		}
	]
}