{
	"__comment": "Designed by Eskimojo14 with Cubik Studio - http://bdcraft.net",
	"textures": {
		"particle": "block/iron_bars",
		"bars": "block/iron_bars"
	},
	"elements": [ 	 
		{
			"__comment": "Element",
			"from": [ 2.25, 0, 7.25 ],
			"to": [ 3.75, 16, 8.75 ],
			"faces": {
				"down": { "uv": [ 0, 0, 2, 2 ], "texture": "#bars" },
				"up": { "uv": [ 0, 0, 2, 2 ], "texture": "#bars" },
				"north": { "uv": [ 7, 0, 9, 16 ], "texture": "#bars" },
				"south": { "uv": [ 7, 0, 9, 16 ], "texture": "#bars" },
				"west": { "uv": [ 7, 0, 9, 16 ], "texture": "#bars" },
				"east": { "uv": [ 7, 0, 9, 16 ], "texture": "#bars" }
			}
		},
		{
			"__comment": "Element",
			"from": [ 0, 7, 7 ],
			"to": [ 7, 9, 9 ],
			"faces": {
				"down": { "uv": [ 9, 0, 7, 0.5 ], "texture": "#bars", "rotation": 270 },
				"up": { "uv": [ 7, 7, 9, 0 ], "texture": "#bars", "rotation": 90 },
				"north": { "uv": [ 9, 7, 16, 9 ], "texture": "#bars" },
				"south": { "uv": [ 0, 7, 7, 9 ], "texture": "#bars" },
				"west": { "uv": [ 9, 0, 7, 2 ], "texture": "#bars", "rotation": 270 }
			}
		},
		{
			"__comment": "Element",
			"from": [ 7.25, 0, 7.25 ],
			"to": [ 8.75, 16, 8.75 ],
			"faces": {
				"down": { "uv": [ 0, 0, 2, 2 ], "texture": "#bars" },
				"up": { "uv": [ 0, 0, 2, 2 ], "texture": "#bars" },
				"north": { "uv": [ 7, 0, 9, 16 ], "texture": "#bars" },
				"south": { "uv": [ 7, 0, 9, 16 ], "texture": "#bars" },
				"west": { "uv": [ 7, 0, 9, 16 ], "texture": "#bars" },
				"east": { "uv": [ 7, 0, 9, 16 ], "texture": "#bars" }
			}
		},
		{
			"__comment": "Element",
			"from": [ 7, 7, 7 ],
			"to": [ 9, 9, 9 ],
			"faces": {
				"north": { "uv": [ 7, 7, 9, 9 ], "texture": "#bars" },
				"south": { "uv": [ 7, 7, 9, 9 ], "texture": "#bars" },
				"east": { "uv": [ 12, 7, 14, 9 ], "texture": "#bars" }
			}
		}
	]
}