{
	"__comment": "Designed by the resident Inuit with BDcraft Cubik PRO 0.96 Beta - http://bdcraft.net",
	"parent": "block/block",
	"ambientocclusion": false,
	"textures": {
		"particle": "block/piston_top",
		"texture": "block/piston_side",
		"piston_top": "block/piston_top",
		"piston": "block/daylight_detector_side",
		"platform": "block/piston_top"
	},
	"elements": [ 	 
		{
			"__comment": "Element",
			"from": [ 0, 0, 0 ],
			"to": [ 4, 16, 16 ],
			"faces": {
				"down": { "uv": [ 0, 4, 16, 0 ], "texture": "#texture", "cullface": "down", "rotation": 90 },
				"up": { "uv": [ 16, 0, 0, 4 ], "texture": "#texture", "cullface": "up", "rotation": 270 },
				"north": { "uv": [ 16, 0, 0, 4 ], "texture": "#texture", "cullface": "west", "rotation": 270 },
				"south": { "uv": [ 16, 0, 0, 4 ], "texture": "#texture", "cullface": "east", "rotation": 270 },
				"west": { "uv": [ 0, 0, 16, 16 ], "texture": "#platform", "cullface": "south" },
				"east": { "uv": [ 0, 0, 16, 16 ], "texture": "#piston_top" }
			}
		},
		{
			"__comment": "Element",
			"from": [ 6, 6, 6 ],
			"to": [ 12, 10, 10 ],
			"faces": {
				"down": { "uv": [ 16, 0, 12, 6 ], "texture": "#piston", "rotation": 270 },
				"up": { "uv": [ 12, 0, 16, 6 ], "texture": "#piston", "rotation": 90 },
				"north": { "uv": [ 12, 6, 16, 0 ], "texture": "#piston", "rotation": 90 },
				"south": { "uv": [ 12, 6, 16, 0 ], "texture": "#piston", "rotation": 90 }
			}
		},
		{
			"__comment": "Element",
			"from": [ 12, 5, 5 ],
			"to": [ 16, 11, 11 ],
			"faces": {
				"down": { "uv": [ 6, 4, 12, 0 ], "texture": "#piston", "rotation": 90 },
				"up": { "uv": [ 12, 0, 6, 4 ], "texture": "#piston", "rotation": 270 },
				"north": { "uv": [ 6, 8, 12, 4 ], "texture": "#piston", "rotation": 90 },
				"south": { "uv": [ 12, 0, 6, 4 ], "texture": "#piston", "rotation": 270 },
				"west": { "uv": [ 0, 0, 6, 6 ], "texture": "#piston" }
			}
		},
		{
			"__comment": "Element",
			"from": [ 4, 5, 5 ],
			"to": [ 6, 11, 11 ],
			"faces": {
				"down": { "uv": [ 6, 8, 12, 6 ], "texture": "#piston", "rotation": 90 },
				"up": { "uv": [ 12, 6, 6, 8 ], "texture": "#piston", "rotation": 270 },
				"north": { "uv": [ 6, 8, 12, 6 ], "texture": "#piston", "rotation": 90 },
				"south": { "uv": [ 6, 8, 12, 6 ], "texture": "#piston", "rotation": 90 },
				"east": { "uv": [ 0, 0, 6, 6 ], "texture": "#piston" }
			}
		}
	]
}