{
	"__comment": "Designed by the resident Inuit with BDcraft Cubik PRO 0.96 Beta - http://bdcraft.net",
	"ambientocclusion": false,
	"textures": {
		"particle": "block/piston_top",
		"texture": "block/piston_side",
		"piston_top": "block/piston_top",
		"piston": "block/daylight_detector_side",
		"platform": "block/piston_top"
	},
	"elements": [
		{
			"from": [ 0, 0, 12 ],
			"to": [ 16, 16, 16 ],
			"faces": {
				"down": { "uv": [ 16, 4, 0, 0 ], "texture": "#texture", "cullface": "down", "rotation": 180 },
				"up": { "uv": [ 16, 4, 0, 0 ], "texture": "#texture", "cullface": "up", "rotation": 180 },
				"north": { "uv": [ 0, 0, 16, 16 ], "texture": "#piston_top" },
				"south": { "uv": [ 0, 0, 16, 16 ], "texture": "#platform", "cullface": "south" },
				"west": { "uv": [ 16, 0, 0, 4 ], "texture": "#texture", "cullface": "west", "rotation": 270 },
				"east": { "uv": [ 16, 0, 0, 4 ], "texture": "#texture", "cullface": "east", "rotation": 270 }
			}
		},
		{
			"from": [ 6, 6, 4 ],
			"to": [ 10, 10, 10 ],
			"faces": {
				"down": { "uv": [ 16, 0, 12, 6 ], "texture": "#piston", "rotation": 180 },
				"up": { "uv": [ 16, 0, 12, 6 ], "texture": "#piston", "rotation": 180 },
				"west": { "uv": [ 12, 6, 16, 0 ], "texture": "#piston", "rotation": 90 },
				"east": { "uv": [ 12, 6, 16, 0 ], "texture": "#piston", "rotation": 90 }
			}
		},
		{
			"from": [ 5, 5, -2 ],
			"to": [ 11, 11, 4 ],
			"faces": {
				"down": { "uv": [ 12, 6, 6, 0 ], "texture": "#piston", "rotation": 180 },
				"up": { "uv": [ 12, 8, 6, 2 ], "texture": "#piston", "rotation": 180 },
				"south": { "uv": [ 0, 0, 6, 6 ], "texture": "#piston" },
				"west": { "uv": [ 6, 8, 12, 2 ], "texture": "#piston", "rotation": 90 },
				"east": { "uv": [ 6, 6, 12, 0 ], "texture": "#piston", "rotation": 90 }
			}
		},
		{
			"from": [ 5, 5, 10 ],
			"to": [ 11, 11, 12 ],
			"faces": {
				"down": { "uv": [ 12, 8, 6, 6 ], "texture": "#piston", "rotation": 180 },
				"up": { "uv": [ 12, 8, 6, 6 ], "texture": "#piston", "rotation": 180 },
				"north": { "uv": [ 0, 0, 6, 6 ], "texture": "#piston" },
				"west": { "uv": [ 6, 8, 12, 6 ], "texture": "#piston", "rotation": 90 },
				"east": { "uv": [ 6, 8, 12, 6 ], "texture": "#piston", "rotation": 90 }
			}
		},
		{
			"from": [ 5, 4, -4 ],
			"to": [ 10, 5, -2 ],
			"faces": {
				"down": { "uv": [ 10, 10, 15, 8 ], "texture": "#piston", "rotation": 180 },
				"south": { "uv": [ 1, 5, 5, 6 ], "texture": "#piston" }
			}
		},
		{
			"from": [ 5, 11, -4 ],
			"to": [ 11, 12, -2 ],
			"faces": {
				"up": { "uv": [ 9, 10, 15, 8 ], "texture": "#piston", "rotation": 180 },
				"south": { "uv": [ 1.5, 0, 4, 1 ], "texture": "#piston" }
			}
		},
		{
			"from": [ 4, 5, -4 ],
			"to": [ 5, 11, -2 ],
			"faces": {
				"south": { "uv": [ 0, 1, 1, 5 ], "texture": "#piston" },
				"west": { "uv": [ 9, 10, 15, 8 ], "texture": "#piston", "rotation": 90 }
			}
		},
		{
			"from": [ 11, 11, -4 ],
			"to": [ 12, 12, -2 ],
			"faces": {
				"up": { "uv": [ 16, 10, 15, 8 ], "texture": "#piston", "rotation": 180 },
				"south": { "uv": [ 5, 0, 6, 1 ], "texture": "#piston" },
				"east": { "uv": [ 8, 10, 9, 8 ], "texture": "#piston", "rotation": 90 }
			}
		},
		{
			"from": [ 11, 4, -4 ],
			"to": [ 12, 6, -2 ],
			"faces": {
				"down": { "uv": [ 16, 10, 15, 8 ], "texture": "#piston", "rotation": 180 },
				"south": { "uv": [ 5, 4, 6, 6 ], "texture": "#piston" },
				"east": { "uv": [ 14, 10, 16, 8 ], "texture": "#piston", "rotation": 90 }
			}
		},
		{
			"from": [ 11, 6, -4 ],
			"to": [ 12, 11, -2 ],
			"faces": {
				"south": { "uv": [ 5, 1, 6, 5 ], "texture": "#piston" },
				"east": { "uv": [ 9, 10, 14, 8 ], "texture": "#piston", "rotation": 90 }
			}
		},
		{
			"from": [ 10, 4, -4 ],
			"to": [ 11, 5, -2 ],
			"faces": {
				"down": { "uv": [ 14.5, 10, 15.5, 8 ], "texture": "#piston", "rotation": 180 },
				"south": { "uv": [ 4, 5, 5, 6 ], "texture": "#piston" }
			}
		},
		{
			"from": [ 4, 11, -4 ],
			"to": [ 5, 12, -2 ],
			"faces": {
				"up": { "uv": [ 9, 10, 8, 8 ], "texture": "#piston", "rotation": 180 },
				"south": { "uv": [ 0, 0, 1, 1 ], "texture": "#piston" },
				"west": { "uv": [ 8, 10, 9, 8 ], "texture": "#piston", "rotation": 90 }
			}
		},
		{
			"from": [ 4, 4, -4 ],
			"to": [ 5, 5, -2 ],
			"faces": {
				"down": { "uv": [ 9, 10, 8, 8 ], "texture": "#piston", "rotation": 180 },
				"south": { "uv": [ 0, 5, 1, 6 ], "texture": "#piston" },
				"west": { "uv": [ 15, 10, 16, 8 ], "texture": "#piston", "rotation": 90 }
			}
		}
	]
}