{
	"__comment": "Designed by the resident Inuit with BDcraft Cubik PRO 0.96 Beta - http://bdcraft.net",
	"parent": "block/block",
	"ambientocclusion": false,
	"textures": {
		"particle": "block/piston_top",
		"texture": "block/piston_side",
		"piston_top": "block/piston_top",
		"piston": "block/daylight_detector_side",
		"platform": "block/piston_top"
	},
	"elements": [ 	 
		{
			"__comment": "Element",
			"from": [ 0, 12, 0 ],
			"to": [ 16, 16, 16 ],
			"faces": {
				"down": { "uv": [ 0, 0, 16, 16 ], "texture": "#piston_top" },
				"up": { "uv": [ 0, 0, 16, 16 ], "texture": "#platform", "cullface": "up" },
				"north": { "uv": [ 0, 0, 16, 4 ], "texture": "#texture", "cullface": "north" },
				"south": { "uv": [ 0, 0, 16, 4 ], "texture": "#texture", "cullface": "south" },
				"west": { "uv": [ 0, 0, 16, 4 ], "texture": "#texture", "cullface": "west" },
				"east": { "uv": [ 0, 0, 16, 4 ], "texture": "#texture", "cullface": "east" }
			}
		},
		{
			"__comment": "Element",
			"from": [ 6, 4, 6 ],
			"to": [ 10, 10, 10 ],
			"faces": {
				"north": { "uv": [ 12, 0, 16, 6 ], "texture": "#piston" },
				"south": { "uv": [ 12, 0, 16, 6 ], "texture": "#piston" },
				"west": { "uv": [ 12, 0, 16, 6 ], "texture": "#piston" },
				"east": { "uv": [ 12, 0, 16, 6 ], "texture": "#piston" }
			}
		},
		{
			"__comment": "Element",
			"from": [ 5, 0, 5 ],
			"to": [ 11, 4, 11 ],
			"faces": {
				"up": { "uv": [ 0, 0, 6, 6 ], "texture": "#piston" },
				"north": { "uv": [ 6, 0, 12, 4 ], "texture": "#piston" },
				"south": { "uv": [ 6, 0, 12, 4 ], "texture": "#piston" },
				"west": { "uv": [ 6, 0, 12, 4 ], "texture": "#piston" },
				"east": { "uv": [ 6, 0, 12, 4 ], "texture": "#piston" }
			}
		},
		{
			"__comment": "Element",
			"from": [ 5, 10, 5 ],
			"to": [ 11, 12, 11 ],
			"faces": {
				"down": { "uv": [ 0, 0, 6, 6 ], "texture": "#piston" },
				"north": { "uv": [ 6, 6, 12, 8 ], "texture": "#piston" },
				"south": { "uv": [ 6, 6, 12, 8 ], "texture": "#piston" },
				"west": { "uv": [ 6, 6, 12, 8 ], "texture": "#piston" },
				"east": { "uv": [ 6, 6, 12, 8 ], "texture": "#piston" }
			}
		}
	]
}